Day,A,B,C,D,IDX
1,0.00039910865423190234,0.02286046853959318,0.005474388614463662,,0.005287061000345193
2,0.002830862904381742,-0.010994572775774075,0.014559088466758553,,0.002915379824794612
3,0.002514472823719924,0.01169774657840838,0.024260955679681576,,0.01182249007834266
4,-0.001889494410630867,-0.01451392237772599,0.0021608846429536422,,-0.006834668592283214
5,,,0.012851278295711949,,0.012487970729617359
6,,,0.019851628861237196,,-0.004553869850967282
7,-0.019125410843130464,0.01047917577553695,-0.025927641165857145,,-0.012837135298744006
8,0.021822338717745544,0.0018831467406448317,0.01670738925423834,,0.013429825395048745
9,-0.04679503071239448,-0.009353169662722793,-0.045498603267717236,,-0.02790265691974078
10,0.005514090157113232,-0.00046497988106129133,-0.012186567192271775,,-0.003994301116464824
11,0.01917326115657495,0.003528386718900021,0.01630482734988679,,0.01579713781642032
12,0.03173784427722601,0.02005767728263149,0.024767100937836007,,0.02556177462760861
13,-0.02154157960400784,-0.003951323781093192,0.0019458880669081919,,-0.010333721697650861
14,-0.0011783594144843747,-0.0282636258785873,-0.029102898100479908,,-0.01848644991458017
15,,,-0.0010052627545022702,,-0.0048379552886157065
16,0.004644645449368992,-0.0024491627411952965,0.005608141968328403,,0.006299649703273473
17,0.03018525481051925,0.007889431352785829,0.026678690971356635,,0.01813965678610953
18,0.0022539120927065124,-0.015351621875186966,-0.0033573840547615934,,-0.0034107186314339347
19,-0.015424082994325808,-0.005999948149389617,0.01883708047976845,,-0.004958535266026648
20,0.002557408836264978,0.002790498166004431,-0.02528661753900549,,-0.004758323851479731
21,-0.014959069275978617,-0.012352317134566127,-0.029848844177624314,,-0.01466527946126826
22,-0.025529794948509352,-0.02246468119424605,-0.010059396633885907,,-0.019694554498009244
23,0.007751513216146911,0.00037669479676982406,-0.0010237821796056032,,0.0028324704206875093
24,-0.026794638291508865,-0.0015373297739432888,-0.01593966441507413,,-0.013705388665078116
25,-0.03900264369434056,-0.014807337617466951,-0.02287307988644866,,-0.029489247375039863
26,-0.003601717415782707,-0.0020852131233260757,0.007404935259585565,,-0.0006373697213570876
27,0.010335008527550439,0.023078493847840283,0.035411822958999785,,0.018448236933345567
28,-0.010045108868304632,-0.006659976159531754,-0.016730887129627378,,-0.010551614081759555
29,-0.01457549091137221,-0.03167976956650015,-0.018843286045736988,,-0.017533436332641872
30,0.019183250298374043,0.010765093821941279,0.01646690137962155,,0.012372600850863882
31,0.016701785841950152,0.022334793864000876,,,0.012993469428647833
32,-0.017431573857481848,-0.02156058777200274,-0.014547029119682142,,-0.020517066646690906
33,-0.004491007125635846,-0.0005486554971584536,0.02617486679282107,,0.002751916817176831
34,-0.023336035541856995,-0.0034071629238199936,-0.015663662052298463,,-0.01618847496016182
35,-0.023039423591519007,0.022462967225871808,0.04712280834372061,,0.00912734996533625
36,0.006130270038396371,-0.00043902404878125783,0.013752465106259014,,0.0028028275079057465
37,0.005781312866612944,0.000544359884803581,0.032145370371119475,,0.009376980668996799
38,-0.012840586761805961,0.010176874657983013,0.0024211537194767734,,-0.001381138025827305
39,-0.014106958871637107,-0.016340463837430604,-0.029801589418850624,,-0.019605541487688265
40,0.005807363377725693,-5.1872801612526535e-5,,,0.0004309719207679203
41,-0.014010595629380037,-0.003929948146661499,0.00784642260867303,,-0.004138478819511252
42,-0.009850890653611657,-0.0051532235354340905,-0.016885977396627103,,-0.010430049244452169
43,0.006712036364170598,0.0032248987191512914,-0.004027818085226675,,0.00453543832842666
44,-0.0023765881197586654,-0.012064610607867754,-0.01853927621391957,,-0.003151409808125704
45,0.0015705621726357882,0.004733091027488457,-0.00939175290346009,,-0.002977972022480851
46,0.009909320392371253,0.005002644495761959,0.0026391880838302086,,0.007285099580473146
47,0.0001968979008902356,0.007603312989913774,-0.016031372697801333,,-0.001779586198731706
48,-0.005324107785069524,-0.0012780330391211985,0.009569384756867992,,0.0004080965246695261
49,0.008257570644911545,-0.007067417528106241,0.007578264318582115,,0.004166584121362947
50,-0.013847663689958227,-0.0052100781694407825,,,-0.009837384046214632
51,0.0032008160166498677,0.014805839582337438,0.0224766281885767,,0.011421604055770786
52,0.009137371672394373,0.030913876401271613,0.023967645729120777,,0.01899772204375275
53,0.009226172711780582,0.00558111584320795,0.03197381864664987,,0.008073397077859965
54,-0.008765056286179568,-0.003247642466604375,-0.01645634732178865,,-0.012135296804389557
55,0.018457940902988593,0.01392262922807149,-0.0058269645720098375,,0.012476934017041176
56,-0.029760294689706892,-0.011209113284902875,-0.01963296271642717,,-0.021176240396810767
57,-0.04154275084871984,-0.004759612128307432,-0.00031125752468942673,,-0.01909063372793203
58,0.007497505574585852,0.0035324354881281707,0.008769630661901687,,0.0054738070010813275
59,0.01884340016223652,0.008395359728929146,0.03483471664322828,,0.01669614658843962
60,0.008004200007161316,0.002083143447424463,0.019184953800128447,,0.007150187805102216
61,0.0038105780381139983,0.008771146270450484,0.008590892875904812,,0.00528704012601714
62,0.007126184288687746,0.009847193244820637,0.02045559022095731,,0.010590463049182612
63,-0.007740111609436566,0.00501004071345108,0.010498110027325322,,-0.00014048147596582526
64,0.020605032166321237,0.0011431611823520232,-0.0002684848204623156,,0.010758396009779557
65,-0.01944628925270927,-0.016516417742258864,0.015894128075451805,,-0.007365529253173275
66,0.0109657863778365,-0.003251114968019756,0.01829596549064516,,0.006876502003032332
67,-0.01196987990069835,0.0056344637767501045,0.022336443246437156,,-0.00040274557323083637
68,0.00045249151286867636,0.004043293514189115,0.007782941724706517,,0.006183363843896824
69,0.015539372667317145,-0.002826309590756376,0.002897099395530652,,0.0038624639001736487
70,0.01883254981902635,-0.0025150337633136153,-0.019179092492214535,,0.0042685507817230555
71,-0.005021063712010122,-0.008923224313975329,0.0046978288047489596,,-0.0027782158069260747
72,0.001611027039850746,-0.017457791597991178,-0.026478065215571556,,-0.00929775134549224
73,0.015468533595881307,-0.013865089069410273,-0.018961786593953384,,-0.0014470703155351145
74,-0.006225027809324465,-0.008120207219146032,-0.0013231005708423886,,-0.004973909703942264
75,0.00911534371623584,0.02835227141472062,0.005036100512900481,,0.01618601371414337
76,0.011337787768963428,-0.018204779664402218,-0.01514482938919773,,-0.0010337639887777511
77,0.02658359956833488,0.015250973637513708,0.007697481746345433,,0.017874437434745222
78,0.012725196751601142,0.01584468021408104,0.02845821469304972,,0.018065208387612563
79,-0.01125532902042603,0.00013868975209478643,,,-0.006671789961614656
80,-0.013916317681155664,0.0016223141135308804,-0.03128927304876854,,-0.01118331375944999
81,0.009662642887144007,0.0008063692866466088,0.04275179053663439,,0.014247227192614311
82,0.005604282899232308,-0.009151165226506327,,,-0.0058493093004192195
83,-0.005862528613889138,-0.0017528740635939382,0.010272872523838895,,0.0030260434459057394
84,-0.03165678517574329,-0.01343798417798353,0.00762709605594177,,-0.015455723709744266
85,0.006794318865248916,0.01991264883923984,0.017974382167468456,,0.010957322099299035
86,-0.006022479959021719,0.007207247854417733,-0.010923905599480732,,-0.004847019698077015
87,-0.015038745848042533,-0.008254745290817817,0.0051840054641613025,,-0.008251400321054519
88,0.01067110712196372,0.0002955770392125141,-0.0005757747373367443,,0.007715836313391037
89,0.003067487632258481,-0.006745777984812141,-0.014719167854224075,,-0.009775613504495758
90,-0.02847567364872407,-0.007711487221070484,,,-0.019517246618602303
91,-0.006479935150281043,-0.01679563951066516,0.01175198932451968,,-0.00696223489643537
92,0.018007893028022897,-0.011457028075277183,0.02265475692409813,,0.009228673484408636
93,-0.017865491581824378,-0.0006374415593584931,0.001309156813726626,,-0.01016294409235351
94,-0.022652238241299305,-0.017087015550213105,-0.017309648505048413,,-0.01920818799021414
95,-0.00633636086388433,-0.00042416599117906537,-0.006448732436629463,,-0.0035808475168227355
96,-0.0002796876263604906,0.0043760455975172825,-0.00594226582341022,,0.0011431317191692477
97,0.00496076444617571,0.011359867312144743,-0.008563787172728645,,0.008926629371309695
98,-0.010169625386046138,0.013599324436198865,-0.0031395761133788756,,-0.0010361265888182009
99,0.006959010611188843,0.0052056819730085906,0.0182558115489562,,0.010554946628469147
100,0.02151202051162771,0.0045104493044653745,0.0033966929585895348,,0.01437255820475459
101,-0.008010738393540343,-0.0040518606302777085,-0.007204130319110376,,-0.010433735729593711
102,7.978744143357622e-5,-0.007466477242171034,-0.00613685816064657,,-0.0011157288428980177
103,,,0.02030461505565591,,0.010845815592443133
104,0.005937273726871919,-0.005482829226569417,0.019294500755654805,,0.0046251059031764295
105,-0.022903900085677026,-0.01324770880087523,-0.03019956534797331,,-0.017749294493989383
106,-0.008507533001081332,0.0002489951196599057,-0.02591123234373069,,-0.01176127933353938
107,0.02747806741568893,0.012387206914908758,0.0344157988330454,,0.023622048827068365
108,0.02376071104730482,0.0131530898529478,0.017817454908623825,,0.019882487562396644
109,-0.010792466880127782,-0.024859701771296788,-0.02626494891211478,,-0.016462553848709392
110,-0.012636037387650904,-0.02030343508312267,0.003720885688218275,,-0.01361107392831645
111,-0.011849329646456692,0.01619941701181407,0.007982569368302422,,0.00554485242501134
112,0.0014461582415979408,0.011072224093620223,0.013002993065676044,,0.005125432461245216
113,-0.003766788614531851,0.0029544528912560457,-0.023552692060113463,,-0.010913607499685722
114,0.027478196849750655,0.020018294749125715,,,0.02663485293916893
115,-0.017642811280519772,-0.002674226596139696,-0.027093459270166882,,-0.0151148489412751
116,-0.017183263296115574,-0.0009202804635703309,-0.007089431461973199,,-0.005538596147787797
117,-0.016309089897908642,-0.005507479349187481,0.01748906254433199,,-0.004143323453545593
118,-0.025178619347209195,-0.030234913103068806,-0.015830370331622528,,-0.0234361617659929
119,-0.01687239227240747,0.004039545712368352,-0.019907083583023368,,-0.013842974865941243
120,0.03187218546952348,0.009325174493843381,0.03432301884187666,,0.025324840663840276
121,0.003688220473469839,0.00023655414674598492,-0.007795105557335688,,-1.9107742849097968e-5
122,0.004873127598659386,0.01577662068091621,0.017583046093589506,,0.010774453586188773
123,-0.013307928394963463,-0.01157865656453989,-0.04129747231821677,,-0.019674877066270573
124,0.0037977969781212294,-0.003990961982517363,0.01003554973070309,,0.0015344936725041687
125,0.011326350053204825,0.014385007399984917,-0.008455233621242654,,0.006100591872158206
126,-0.00839609667412538,0.00111484124373211,-0.0032601806224956966,,-0.005161754871356287
127,0.026023577123814118,0.010201570496632175,0.02377902848427386,,0.021011361842171086
128,0.0033045073184601232,-0.007586207989153354,0.014982563424982873,,0.0025616132370870695
129,-0.004916284608556661,0.011303043530958705,-0.006161100150418959,,-0.0015470031602361632
130,-0.006466763547255989,-0.014809784149533715,,,-0.007867709218947312
131,-0.019105280916298442,-0.009952572784484871,-0.016136937790747877,,-0.014196381937249671
132,0.007360062987860303,-0.004351638901961885,0.009491016945067625,,0.0032712891463083345
133,-0.020801182346739035,-0.005077543116041202,-0.016113416890640046,,-0.013492952889455899
134,-0.0017640776767486267,-0.00421729536523618,-0.007493386058371046,,-0.005291399575631845
135,-0.004751441525531845,-0.008253102058144885,-0.0074255055578632215,,-0.011107025745679183
136,-0.019861160998291993,0.0030429921354858595,-0.005422656126552344,,-0.008913685903589121
137,-0.007853446561684737,0.0011142574028978145,-0.02281444480913084,,-0.007492606185826611
138,0.000710405326901695,0.017701489910101984,0.01386058682779985,,0.012728121930007247
139,0.02530128138298677,0.015887432238358052,0.0242480402088707,,0.022990253029995862
140,-0.014187566000143821,-0.015085238324775119,-0.013328150414262292,,-0.01495078812113348
141,,,0.00640577352570993,,0.0013324617777762927
142,0.019042129008618753,0.018764293666233754,0.034992243589258024,,0.02275467354062783
143,0.002195456892909626,0.0007865300343893248,,,0.0030976491018145902
144,0.0031924577364813994,0.003964143270394035,0.021880818740548834,,0.008611656130113231
145,0.025243000052192866,0.01058906592083171,-0.0032401576981402735,,0.013771253624306465
146,0.03206732087258105,-0.0026488662987696546,0.0014322145740797584,,0.01692264768748184
147,-0.04082815067596731,-0.020424202179066042,-0.0566693926071344,,-0.034816333953549446
148,0.005503054040866871,0.002725426315042863,-0.004515293552547038,,0.002106102866549423
149,0.007172231384968406,-0.0037477048688428862,0.03170620818119177,,0.00623904478884303
150,0.011821810968433563,0.004001170142816345,0.025121467670671003,,0.016978579264864475
151,,,0.014758916918736658,-0.017597580086102328,-0.011155087369690102
152,0.017994376734083408,-0.0028569894313242687,0.0037358912128187963,0.031238815225578805,0.008939892509299089
153,0.02160233460472919,0.011886634952170816,-0.0152488368007657,0.018730576270454703,0.010953253811622836
154,0.008866988119624967,0.008664380609362726,,0.0005598011980097091,0.009848575645590591
155,-0.018387910511745653,0.0001579197096050342,-0.0007191195004784061,-0.04386670231975228,-0.01167032901067803
156,-0.013058549593490296,-0.010378286400340542,,-0.02393179979117455,-0.012984509855659703
157,0.0003402729734169394,-0.00262493013891181,0.0324708250873523,0.011641485690453056,0.007381013991414646
158,0.029408369194105086,0.02048812822434824,,0.02444797406645494,0.02430515711382903
159,,,,0.015148733011814965,-0.004700301633451906
160,0.0004984610556880752,0.015683046915233242,,-0.0027530320531562453,0.005590104005312495
161,,,0.012762739783455932,0.02506161008381016,0.012864751342903049
162,0.003773700494712899,-0.003531747945651272,0.010546317441380423,-0.036787386157450565,-0.000937072873422015
163,-0.007413073421454248,-0.008385074466795817,,-0.011054113106965871,-0.01099440474177604
164,-0.0028788496560573306,0.01242027665420956,-0.017566944566182723,0.017704411691680917,0.0008081765291887447
165,0.0029233061155102724,-0.002390155532788408,-0.025562787943108643,-0.029325306383012482,-0.008150970241542639
166,0.02966204945978924,0.014245252766279227,0.006297404530808458,-0.011049989243774098,0.01629490116316126
167,-0.007429118936216469,0.0059466172490673826,0.012737845863013034,0.008533069103929685,0.0018106451379739951
168,0.01550705154682634,0.012739408466401056,0.014481365312627293,0.012485832857746541,0.014046386097890613
169,0.024394970542273037,0.010534648535141643,,0.03675763301180171,0.021318074820073137
170,0.015264559447962633,0.003721563861807928,0.0211920844809405,-0.005593168129344182,0.011264286353105883
171,0.013548300574088845,0.03149701546733992,-0.003781296414752526,-0.030340332674650645,0.011620845120816525
172,-0.002310522179443165,0.017657293456363212,0.015368566390412305,0.035115195084872805,0.011568679817689533
173,-0.0027002902677006895,-0.004253500503680928,0.006684933003411341,-0.010956112586999009,-0.0026874216398428165
174,0.009317079632615742,-0.011219156857512546,,-0.024405897025591042,-0.005314041100500284
175,0.006939739637089873,0.005937201551794287,-0.004772799449342636,-0.006147852728489221,0.004654930972404183
176,-0.02390339149278458,-0.022320151092491036,0.018879266797277555,-0.01566067547445583,-0.014011331156910969
177,-0.010534077946457545,-0.005793988550797174,-0.02654366770160139,-0.00584169086621533,-0.01256120856886152
178,0.0030204075116711977,-0.012772875715157325,-0.000820629381215122,-0.02551644618274496,-0.005038985719809324
179,0.019301960883576667,0.0023799577887855796,-0.010143620164820849,-0.029394159654845806,0.002129156552643291
180,0.03209255885923763,0.001676235905997091,0.0062435771978885885,0.021949182614803688,0.017300887189514315
181,0.012382740302161925,0.0041822857408184075,-0.005133898756383184,0.012430298952140829,0.00621186792593773
182,-0.001765525843432215,0.0014026471492915714,0.000735136740673879,-0.005151835330577706,-0.0005200225467184505
183,-0.0011961479315924163,0.022716746820445385,0.017021440858740904,0.02312074914035905,0.012428493324652325
184,-0.01379015811799204,-0.0253377944357807,-0.03677385706950848,,-0.021106547264457865
185,-0.008890385932029437,-0.020167666340521168,-0.017627990734671434,-0.013961913160057241,-0.014448876548508589
186,0.009154322486750384,0.019693556508212244,0.011907110301010338,,0.011536403001642537
187,-0.008310725241078698,-0.030403632370024934,-0.00044732660652383247,0.025044565168580436,-0.00978416930463971
188,-0.0034353315853273454,0.007590026351246542,0.013761359070362765,0.027804724587310682,0.006482602996655987
189,0.0026943524579044835,-0.01689868697923511,-0.007266515654875016,-0.030641932475648746,-0.007705402957122187
190,0.0036658303130729774,0.015335055315819149,0.004822460057953717,0.0029428525168490927,0.008285985864557503
191,-0.003133143321348943,0.012033296516434876,0.00019368986584015482,-0.0156431232765828,0.0002359075884634154
192,0.004018343727156422,0.007140462398978387,-0.02703338079724618,0.00481846332037939,-0.0015663894622567755
193,0.014003782575432068,-0.007113829770807468,-0.009839814598953979,-0.016760810327600555,0.00020859117188870097
194,0.011840615035833422,0.025188246205277133,0.015574737170772042,,0.016051728592792865
195,-0.002381057528652503,-0.004746129601256906,0.007531136498574215,-0.036187348924522085,-0.003958530481511452
196,0.004692868262158086,0.006421031601255415,0.004754553903597533,0.004038361118497642,0.005046900801089759
197,-0.0019289504704449662,-0.0003040787811131856,-0.0014367510040526898,0.011402569952668258,-0.0001441761983482289
198,0.000716018295019085,-0.0034916738935437757,,0.012237881368947365,-0.0006248030461654934
199,0.0026829365019215927,0.0035742732144558123,-0.01439525275250092,0.0009303492165145568,-0.0008065296858477484
200,-0.03719457819248227,-0.020862400286822968,-0.036881946957896,0.004236107048922517,-0.02767666501368425
201,0.0011085017289860278,0.0056972464505002105,,0.020603704674739775,0.012275989005613355
202,-0.0007533501222860528,0.0005936639650732196,-0.0016063396047499492,,0.0036777897732356564
203,0.001160070183028789,-0.004403108291643395,0.002969067328165356,-0.04149505654399237,-0.005503148258532477
204,0.0061454612172118575,-0.0010381038512262183,0.01717312333082962,0.019206470828418667,0.0068509787077696985
205,0.007215966349564576,0.007589252496752261,0.00534098876821256,-0.007210552728094296,0.005993445327319169
206,0.0030062659838385464,-0.0014588462331942965,-0.00639598451478586,0.0018248684102932216,-0.0007268305265837667
207,-0.012111511862634199,0.007406780310360509,-0.01165280561271584,-0.0014784788616034163,-0.004886265256225213
208,-0.004355034144682055,0.007568882451401108,-0.0057311422072615,-0.001233805171136207,-6.995892223902881e-5
209,-0.001865766056799475,0.0012658828141383814,0.007444197024987177,0.033322220372055476,0.003794138121431448
210,0.023416702564001916,0.011486600310956665,0.0008236899368420111,-0.008837182635481713,0.011583599530153971
211,0.016912293873820983,0.014653367315370185,-0.0048689414236520664,0.028976012794415994,0.01321692217099894
212,0.001985373496167606,0.0019648716001290493,0.012509726391661322,-0.011644018404536213,0.0031869991882503327
213,0.010310850299708529,-0.00978420280873073,-0.005069744862654752,0.004732520837781225,-0.0006984436074890792
214,0.022704412872618374,0.014591405478590063,0.005435515072109223,0.04240302915425294,0.019390638806670055
215,0.01756744109661759,0.005622523655884962,-0.011648786970322199,-0.004508714941179643,0.006182325294029234
216,-0.0042977197074183454,-0.020617799074202952,0.010501826121335215,-0.0275861937759174,-0.009285005200376496
217,0.03354322709248548,0.007920081342780732,0.002964494939862274,0.0010704824200547915,0.016241066135722897
218,-0.009628370793669308,0.00045950059103054645,,-0.049032774116298146,-0.007539128729062582
219,0.0037022102715806274,0.011145777925043055,0.01744917482358483,-0.04306894759282529,0.0042858423070252505
220,0.01925761300332332,0.0020138717901445643,-0.002501823520487944,0.013097325999567512,0.008987579332698371
221,0.02937087465028224,0.003446984751303758,0.016141240632193434,0.012518897658279874,0.017182274597835032
222,0.006296521663455416,0.0007803306252963481,0.011231330895150113,0.007664210123825509,0.006035985637869546
223,0.01802586777496731,-0.004205933327336925,0.021203413547504515,0.01840069795055738,0.012800263478225654
224,0.015265960039203512,0.018282366978913264,0.012856329580487057,0.01440318159977484,0.015533387490225068
225,0.0010523990969665104,0.0010017092074756859,-0.03302159345038146,-0.02371082000666759,-0.008020285158608486
226,0.021790261075041676,0.004479101564855132,-0.014342842209097706,0.02310513663614646,0.009942466662476073
227,-0.014840487311952035,-0.001131456198848832,-0.03646025549808118,-0.005328144854306461,-0.013754377844527573
228,-0.0361955857882376,0.008375927682565383,0.009652787359705444,-0.03189833756317346,-0.012775787194289418
229,-0.04092892915792915,0.008458002303687102,0.0028692384983750726,-0.02267902688421159,-0.015888176255083868
230,-0.0005614000083680132,0.009159658836903086,0.03013668154631694,-0.0069611842554447145,0.0083525710919667
231,-0.03600374788715252,0.0099405721531588,0.012136835403177093,-0.03871388965408889,-0.0140404566529152
232,0.027894164157162105,0.003148125330260427,-0.012910332658421023,-0.03297825174724298,0.006246172089858373
233,-0.010978866273647945,0.009842967345292216,0.01446853880763909,-0.01960605070312867,-0.001317326042579385
234,-0.012932202492503942,0.005277105641853415,0.004817267839916448,0.012651299627821425,-0.0013443540705508387
235,0.0017928161805033634,-0.014835743262295583,-0.001852609503201643,0.028439798887903683,-0.00026249342209113866
236,-0.0016985337489099073,0.013993235691780475,,0.011549988804248878,0.01212735151553291
237,0.017905622258600314,0.023100446520865504,0.0415470905796559,0.026289062641468505,0.02596336539116979
238,0.032155070325923234,0.018290659450632987,-0.014273141960661822,0.03054444568896894,0.01841701388091668
239,0.0169142975035662,-0.0035125709399128377,,0.009282513169781076,0.0021922313786048152
240,0.03312880858983664,0.009105154125451306,0.013699121106713789,0.010720314340268515,0.019969242983308034
241,-0.02424832156495269,-0.006958631795506193,-0.0008638571520575513,-0.043564053335077,-0.016475364398103997
242,0.046450639494127616,0.02217352094222062,0.04858680536743974,0.030814949562579384,0.03755548289741088
243,-0.0035752540652781864,0.013773542035581015,0.007333576737709081,-0.02086150900732404,0.0021009157373963
244,-0.014437224189067165,-0.006530850523664361,-0.01444365385291522,0.007675148795078291,-0.009392323195882606
245,-0.02637881375907558,-0.011830197786776573,-0.021887618674697403,-0.01631140749767741,-0.019893561320541178
246,-0.02013814086091366,-0.010884083914016095,-0.02929314535047169,-0.02540699544324928,-0.01959607271081195
247,-0.007337737003732282,-0.010548521506020288,0.008167432031869362,-0.03467871184087008,-0.006991347891276191
248,-0.013577517630365157,-0.008144526857870813,-0.008776758138300561,0.015272064437203456,-0.008237178983342884
249,0.024086131064231374,0.004496791257835071,0.007618054397580574,0.04419824206449281,0.016506935231914086
250,0.006849905700802015,0.005423329059084532,0.026691269998680284,0.010267323110971482,0.011413835000326143
